app_name,used_requestnetwork,activity_started,write_file,used_sendtextmessage,has_fatal_exception,read_contacts,access_location,source_folder
com_aige_hipaint,0,0,1,0,0,0,0,8th_set_dataset_collection
com_adobe_scan_android,0,0,1,0,0,0,1,8th_set_dataset_collection
com_audible_application,0,0,1,0,0,0,1,8th_set_dataset_collection
calendar_agenda_calendarplanner_agendaplanner,0,0,1,0,0,0,0,8th_set_dataset_collection
com_app_barsys,0,0,1,0,0,0,1,8th_set_dataset_collection
com_airbnb_android,1,1,1,0,0,0,1,8th_set_dataset_collection
com_accurate_live_weather_widget,0,0,1,0,0,0,0,8th_set_dataset_collection
com_apple_android_music,0,0,1,0,0,0,1,8th_set_dataset_collection
com_athermobileapp,0,0,1,0,0,0,1,8th_set_dataset_collection
com_asteria_hubble_handbookx,0,0,1,0,0,0,1,8th_set_dataset_collection
com_actiondash_playstore,0,0,1,0,0,0,0,8th_set_dataset_collection
com_amazon_mp3,0,0,1,0,0,0,1,8th_set_dataset_collection
com_app_abhibus,0,0,1,0,0,0,1,8th_set_dataset_collection
com_amazon_avod_thirdpartyclient,0,0,1,0,0,0,1,8th_set_dataset_collection
com_bd2videocall_randomvideocall,0,0,1,0,0,0,0,8th_set_dataset_collection
com_amazon_sellermobile_android,0,0,1,0,0,0,1,8th_set_dataset_collection
com_beansprites_emmasworldtownandfamilyFREE,0,0,1,0,0,0,0,8th_set_dataset_collection
call_recorder_automatic_acr,0,0,1,0,0,0,0,8th_set_dataset_collection
com_bhive_workspace,0,0,1,0,0,0,0,8th_set_dataset_collection
com_atpc,0,0,1,0,0,0,1,8th_set_dataset_collection
com_az_choosecabs,0,0,1,0,0,0,0,8th_set_dataset_collection
com_amazon_kindle,0,0,1,0,0,0,1,8th_set_dataset_collection
com_appgenix_bizcal,0,0,1,0,0,0,0,8th_set_dataset_collection
bulksenderwa_marketingviawa_wabulksender,0,0,1,0,0,0,0,8th_set_dataset_collection
com_babyorgano_store,0,1,1,0,0,0,1,8th_set_dataset_collection
com_apnatime,0,0,1,0,0,0,1,8th_set_dataset_collection
com_apalon_weatherradar_free,0,0,1,0,0,0,0,8th_set_dataset_collection
com_app_tripple,0,0,1,0,0,0,1,8th_set_dataset_collection
com_aqi_data,0,0,1,0,0,0,0,8th_set_dataset_collection
com_amapps_media_music,1,1,1,0,0,1,1,8th_set_dataset_collection
com_adobe_reader,0,0,1,0,0,0,1,8th_set_dataset_collection
com_ahaguru_ahazap,0,0,1,0,0,0,0,8th_set_dataset_collection
com_audiomack,0,0,1,0,0,0,1,8th_set_dataset_collection
co_windyapp_android,0,0,1,0,0,0,0,8th_set_dataset_collection
com_application_zomato,0,0,1,0,0,0,1,8th_set_dataset_collection
com_amazon_sft_rangoli_seller_app,0,0,1,0,0,0,0,8th_set_dataset_collection
com_bets_airindia_ui,0,0,1,0,0,0,1,8th_set_dataset_collection
co_hinge_app,0,0,1,0,0,0,1,8th_set_dataset_collection
com_bd5videocall_randomvideocall_globalcall,0,0,1,0,0,0,0,8th_set_dataset_collection
com_appmind_radios_in,0,0,1,0,0,0,1,8th_set_dataset_collection
canada_job_search,0,0,1,0,0,0,1,8th_set_dataset_collection
com_app_uengage_lapinoz,0,0,1,0,0,0,1,8th_set_dataset_collection
co_godream_gostream,0,0,1,0,0,0,0,8th_set_dataset_collection
com_adsk_sketchbook,0,0,1,0,0,0,0,8th_set_dataset_collection
com_accurate_weather_forecast_live,0,0,1,0,0,0,0,8th_set_dataset_collection
chotelal_mpaani_com_android_chotelal,0,0,1,0,0,0,1,8th_set_dataset_collection
0044BA2A5D639122062E08B3B02ECF98CBC78C63D0481EDE7907F52EF7909AAB,0,1,1,0,0,0,0,8th_set_dataset_collection
00466CF0C7BEE1380A0B5CD580586ECF47BBFCF0339AD0FA0D340AE46563C6A9,0,0,1,0,0,0,1,8th_set_dataset_collection
004585D2B566621E6E45B6C57BDB302B36E5F3778C303C08682A577D7F4B2BBD,1,1,1,0,0,1,1,8th_set_dataset_collection
004386189469F4FEEA94920D7B2B502DAD41C7401CFD66D7D7BA081E685D89C2,0,0,1,0,0,0,0,8th_set_dataset_collection
0045E82A22447E63AB19E8B865EF580FE470228E3AFF3737A9CB5D987ED39E66,0,0,1,0,0,0,1,8th_set_dataset_collection
00474B1382741A22A4B40402D8E763908CF40067C49873E640CCE8B3286C101A,0,1,1,0,1,0,0,8th_set_dataset_collection
00467BD49AC6785C33317D192D2B248A4DF27E7B6867E204857A0D7CC6B74475,1,1,1,0,0,1,0,8th_set_dataset_collection
004751FAA02E2272C335D3B7A9A3FC1FCB8EC744C9F07F2C295A0E14AF648579,0,0,1,0,0,0,0,8th_set_dataset_collection
00472C820D0B272D1482414D61B6D68B1D851D40338271FB473F6C3368682EE6,1,1,1,0,0,0,1,8th_set_dataset_collection
00472DE2FC8CAD4DF71E6713D2771B2A8BA31E0984BAE852D74B0DAAFA1A7FB3,1,1,1,0,0,0,0,8th_set_dataset_collection
004493AE067F43C2C6E572E2023A7B438A67EE9D4D1BAC18BBEA08C7DD8EF916,0,0,1,0,0,0,1,8th_set_dataset_collection
0044C1D54C23D8F2B7EB89127A4BDBAA4DB5B68B69EB79E315FA2D9FFA33C35A,0,1,1,0,0,0,1,8th_set_dataset_collection
0045AD54B79998F97C459AECA2127B77283F05B416FE07D04B8A483EF01FBC17,0,1,1,0,0,0,1,8th_set_dataset_collection
00467006984DE09CED0146A634213463DE227BA3A45625D1AF44AAC7493BE7AC,1,1,1,0,0,0,1,8th_set_dataset_collection
004391300E7C1D4C04902946FE4DC8EB6A4B6057F4268BB0801216D1BEEA23C2,0,1,1,0,0,0,0,8th_set_dataset_collection
004382016B616AA93A295DF556A4EF80E8271EB0C5AB9E9A51D6F9B74D80523D,1,1,1,0,1,0,1,8th_set_dataset_collection
0046DD085DDCA00DD6804614539CC9071BC6A4C541A8FED8CDF364ADFE23FAB6,0,0,1,0,0,0,0,8th_set_dataset_collection
0045614888D1E5D9E69B35AA6CE97F4B80680367AD7FAD712D66A6B4817F7F57,0,0,1,0,0,0,0,8th_set_dataset_collection
004568CE5FEDBC07EB79B371FB38504D405A3C00294BE397A1A762EAD9A4DFCA,0,1,1,0,0,0,0,8th_set_dataset_collection
0043A782C4CF2884771465C83AA60FDA0DA359FAF672BD58741D2F6DA01838CD,0,0,1,0,0,0,0,8th_set_dataset_collection
0046D2391179EB61CE80157F37E19BEFB87CD520E55B7D8B23D3E90574BE9609,1,1,1,0,1,0,1,8th_set_dataset_collection
com_ryzmedia_tatasky,0,0,1,0,0,0,1,4th_set_dataset_collection
com_rpsg_lsg,0,0,1,0,0,0,1,4th_set_dataset_collection
com_sinyee_babybus_shopping,0,0,1,0,0,0,0,4th_set_dataset_collection
com_sencatech_iwawa_iwawadraw,0,0,1,0,0,0,0,4th_set_dataset_collection
com_sadhana_astro,0,0,1,0,0,0,1,4th_set_dataset_collection
com_shaiban_audioplayer_mplayer,0,0,1,0,0,0,1,4th_set_dataset_collection
com_sinyee_babybus_marketV,0,0,1,0,0,0,0,4th_set_dataset_collection
com_rvappstudios_baby_toddler_kids_games_learning_activity,0,0,1,0,0,0,0,4th_set_dataset_collection
com_sinyee_babybus_princessII,0,0,1,0,0,0,0,4th_set_dataset_collection
com_samajsocial_app,0,0,1,0,0,0,1,4th_set_dataset_collection
com_sesameworkshop_alphabetkitchen_play,0,0,1,0,0,0,1,4th_set_dataset_collection
com_ro_mart_ro_mart,1,1,1,0,0,1,1,4th_set_dataset_collection
com_sinyee_babybus_cosmetology,0,0,1,0,0,0,0,4th_set_dataset_collection
com_sinyee_babybus_organizedII,0,0,1,0,0,0,0,4th_set_dataset_collection
com_search_music_mp3_musicplayer,0,0,1,0,0,0,0,4th_set_dataset_collection
com_scribd_app_reader0_docs,0,0,1,0,0,0,0,4th_set_dataset_collection
com_sbr_connect_steven_ptelite,0,0,1,0,0,0,1,4th_set_dataset_collection
com_simplemobiletools_calendar,0,0,1,0,0,0,0,4th_set_dataset_collection
com_service_plug_customer_app,0,0,1,0,0,0,1,4th_set_dataset_collection
com_rokit_project510_android_flutter,0,0,1,0,0,0,1,4th_set_dataset_collection
com_rs_mirae,1,0,1,0,0,0,1,4th_set_dataset_collection
com_samsung_android_oneconnect,0,0,1,0,0,0,1,4th_set_dataset_collection
com_sec_penup,0,0,1,0,0,0,1,4th_set_dataset_collection
00194CBE526FD2BB69C4ECC6D70AC4D07F3BF5D5A57F4EDDE1E0C8BAF6FB792E,1,1,1,0,0,0,1,4th_set_dataset_collection
001AA30774FEDC56F04562606A72A033B6C075F581AFECBBEAC70F41A7746539,0,0,1,0,0,0,0,4th_set_dataset_collection
001ADFD86FE877D30B8FD6C4486C777F66F07F7F33378B625A2921E660C22AB3,0,0,1,0,0,0,0,4th_set_dataset_collection
001C21A5DCD6CCDC5E1AB4048A6BCE69A890312365E1141A34A9B7D09BCFCB9D,0,0,1,0,0,0,0,4th_set_dataset_collection
0015E0519717395D757CE5C06093E17256BF847A9B5F878C8AF9762FC2D8099F,1,1,1,0,0,1,0,4th_set_dataset_collection
001BD5DE6DA8088531069B28B4F41DBBB2971C398DEA28CF1FA8EDC19B8A87BF,1,1,1,0,0,0,1,4th_set_dataset_collection
001AEFD8A1486CA38D29B2618F31DE810559D3907BB5DFD40E2A0D7618C18F21,0,1,1,0,0,0,1,4th_set_dataset_collection
001999CA2D2BD44EEA9A7BCCD10FF79571D3989B3CAA89989A227059599B42CC,0,0,1,0,0,0,0,4th_set_dataset_collection
001964E33F9B1BB7D95E4819A24F80BDE47E41F2C8854778D3777F800C085940,1,0,1,0,0,0,1,4th_set_dataset_collection
00157C561F3830D24E231295256CB69FE5F49395D7725BD00A755F7C18CE6978,0,1,1,0,1,0,0,4th_set_dataset_collection
00161EEB5EE26608654185D97F4277FC114C591294215DDAC7E38A60784D3265,1,0,1,0,0,0,0,4th_set_dataset_collection
001AC3E574F1350DE51A71987D72B205A61063FF469BCEEAB6965556805B665F,0,0,1,0,0,0,0,4th_set_dataset_collection
00153B440FC9F94EB44BAABC136EDA338053146066A46D265A4BABFB610B5273,0,1,1,0,1,0,0,4th_set_dataset_collection
0017B67588D03D2A1E888D143B0D61596DD7BAE942AE34055997C3E9B43D5E29,0,1,1,0,1,0,0,4th_set_dataset_collection
001AD2BA51E9C6A52831879B2872865318626981560F5FD599961EC786D75583,0,1,1,0,0,0,1,4th_set_dataset_collection
0015AC8312D8B0EF9A19DE03C66AEBC1867E72363CCB35A7D0749DE97AC305A0,0,0,1,0,0,0,0,4th_set_dataset_collection
001B47474543DEBA53175A39B6A2A520CC8CBB958EAE1167702C290D2B281D9B,0,0,1,0,0,0,0,4th_set_dataset_collection
001B08946F02686FF6073AB46752D6741D68FFD19F5CE4EFF2A0AB49A5A0CC4E,0,0,1,0,0,0,1,4th_set_dataset_collection
001C03E19C9DAF0E637EEC811D402B5A8B722FBF5246CF3826E6F976ECDA8BB1,0,1,1,0,0,0,1,4th_set_dataset_collection
0015A26EABC706320BCF4612586B6FBE16B2DB64F7730377AA95DF790DD191F1,0,0,1,0,0,0,0,4th_set_dataset_collection
0015858C4BAAAA34F6CC8216C5071E8762206AE562E16BB3AC58F0F9BC5683D0,0,1,1,0,0,0,0,4th_set_dataset_collection
001A98712FD8E84C72DA55CAD3173AC150A20913C281A4C222868A415B8C9F50,0,0,1,0,0,0,0,4th_set_dataset_collection
com_playhome_plus,0,0,1,0,0,0,0,3rd_set_dataset_collection
com_pocketfm_toons,0,0,1,0,0,0,1,3rd_set_dataset_collection
com_radio_pocketfm,0,0,1,0,0,0,1,3rd_set_dataset_collection
com_pixverseai_pixverse,0,0,1,0,0,0,1,3rd_set_dataset_collection
com_poncho_eatclub,0,0,1,0,0,1,1,3rd_set_dataset_collection
com_plexapp_android,0,0,1,0,0,0,1,3rd_set_dataset_collection
com_pratilipi_comics,0,0,1,0,0,0,1,3rd_set_dataset_collection
com_rapido_passenger,0,0,1,0,0,0,0,3rd_set_dataset_collection
com_qidian_Int_reader,0,0,1,0,0,0,0,3rd_set_dataset_collection
com_raincan_android_hybrid,0,1,1,0,0,0,1,3rd_set_dataset_collection
com_rails_red,0,0,1,0,0,0,1,3rd_set_dataset_collection
com_radio_fmradio,0,1,1,0,0,0,1,3rd_set_dataset_collection
com_pratilipi_mobile_android,0,0,1,0,0,0,1,3rd_set_dataset_collection
com_probadosoft_moonphasecalendar,0,0,1,0,0,0,1,3rd_set_dataset_collection
com_pm_ambanimatkad,0,0,1,0,0,0,0,3rd_set_dataset_collection
com_pocketfm_tv,0,0,1,0,0,0,1,3rd_set_dataset_collection
com_rajasthanroyals_app,0,0,1,0,0,0,1,3rd_set_dataset_collection
com_randomchat_camtocam_onlinevideocall_livetalkvideocall,0,0,1,0,0,0,0,3rd_set_dataset_collection
com_recz_android,0,0,1,0,0,0,1,3rd_set_dataset_collection
com_photo_android_camera,0,0,1,0,0,0,0,3rd_set_dataset_collection
com_pixlr_express,0,0,1,0,0,0,1,3rd_set_dataset_collection
com_railyatri_in_mobile,0,0,1,0,0,0,1,3rd_set_dataset_collection
com_rcub_rclub,0,0,1,0,0,0,0,3rd_set_dataset_collection
com_policybazaar,0,0,1,0,0,0,1,3rd_set_dataset_collection
0012C310FCCC199DF391066625EA56C67B08D96A980D50CFC0BDD292DED7077F,1,1,1,0,0,1,1,3rd_set_dataset_collection
0010D6BC37AE06EAB93EB825C6189FFDB1EEE0B8D2CA129F948B28299C473837,0,0,1,0,0,0,0,3rd_set_dataset_collection
000FC18BBFC78B0858A9C96A6FFCC4EAEAC7F2716D159788DB0F94CBF1E4FB4E,0,0,1,0,0,0,0,3rd_set_dataset_collection
000FB255117B289D61075E4F31C3D203D1873B23C79A51B6E946FC2A49821C7A,0,0,1,0,0,0,0,3rd_set_dataset_collection
000E2DD97692D742C6F7C2989FF1349D0DBA2BAFABEBF1220DC252D0E36679A7,1,0,1,0,0,0,0,3rd_set_dataset_collection
0014BA372F61C9C0EA6FB4F36E21E8A3C0B8377F0FC1C406684BB7BA9AC4EC50,1,0,1,0,0,0,0,3rd_set_dataset_collection
0012DF333367D76AFCE6E9A9F21002A4A1F1DCD1ED75BAFF1C1F7DB3CA1D579B,0,0,1,0,0,0,1,3rd_set_dataset_collection
001036DBBFAFE319473EB07C4FA1AE30FDBAACE28D58923FFB822DC75A817741,0,0,1,0,0,0,0,3rd_set_dataset_collection
000DDCEE5F9FA00F4652828CB2D4E4B08A3A422F4472D01F56886A40744BF4BD,1,1,1,0,0,0,0,3rd_set_dataset_collection
00128CF93FF0259BC89FF983C00E538061BCD1ADEB304E71CA7C7E019D81FC0D,0,0,1,0,0,0,0,3rd_set_dataset_collection
00104DF0BDA5BEE7E5CFDDD5EC581150EFC4F495EA0971ED07AA5DDF877D6D66,0,0,1,0,0,0,0,3rd_set_dataset_collection
00105A837C446B9DDDD8B89ED85BB786A8AC952094886022A679ECBDE3849DF2,0,0,1,0,0,0,0,3rd_set_dataset_collection
00125D0055C95E7D35B1EB81F6AE76BD00698DDE259F297E6D16D45536013CEC,0,0,1,0,0,0,1,3rd_set_dataset_collection
0014ACC8F710F1211F7C0E235B8C324D1D26281A552CAACC9051895768C74693,1,1,1,0,0,0,0,3rd_set_dataset_collection
00052B3AB096E61C3008AE77AA6C7DE22C28B08CFB61BCCDFC6128F373209139,1,1,1,0,0,1,1,3rd_set_dataset_collection
00111F5CF230E2DD9BD66989E8EBDE87D881CB9A88C2C06DA94AEA4C3CD2FA12,0,0,1,0,0,0,0,3rd_set_dataset_collection
0010CA64CA1061B2118072D529B29B5D2F1AE1588DA6A4475B3171D7E1DC53D1,0,0,1,0,0,0,0,3rd_set_dataset_collection
0012A8B25CBE4F7D6FCB939E219C5520FFA0020C6081B7E881AC462EE3870CC3,1,1,1,0,0,0,0,3rd_set_dataset_collection
00110993E74DD0A8866FAD0CB32C967068B20523E2DA290B1D1094E577F0D6D3,0,1,1,0,0,0,1,3rd_set_dataset_collection
0012A6F19CCAC2B8DE3AA248B743ABBABAD43E7D09F000FB232155D1BE901C8E,0,0,1,0,0,0,1,3rd_set_dataset_collection
001201402F873F4971ECB75B1987DC3FAB3007C22D43AC433AF0D8EE20A3C4E9,0,0,1,0,0,0,0,3rd_set_dataset_collection
com_cricbuzz_android,0,0,1,0,0,0,1,9th_set_dataset_collection
com_cleanapp,0,0,1,0,0,0,0,9th_set_dataset_collection
com_camerasideas_instashot,0,0,1,0,0,0,1,9th_set_dataset_collection
com_chatrandom_strangerchat_randomchat,0,0,1,0,0,0,0,9th_set_dataset_collection
com_cardinalblue_piccollage_google,0,0,1,0,0,0,1,9th_set_dataset_collection
com_candelalabs_devbytes,0,0,1,0,0,0,1,9th_set_dataset_collection
com_collabow,0,0,1,0,0,0,1,9th_set_dataset_collection
com_chowman_ordering,0,0,1,0,0,0,1,9th_set_dataset_collection
com_brave_browser,0,0,1,0,0,0,1,9th_set_dataset_collection
com_confirmtkt_lite,0,0,1,0,0,0,1,9th_set_dataset_collection
com_casttv_castforchromecast_screencast,0,0,1,0,0,0,0,9th_set_dataset_collection
com_bt_bms,0,0,1,0,0,0,1,9th_set_dataset_collection
com_circular_pixels,0,0,1,0,0,0,1,9th_set_dataset_collection
com_booking,0,0,1,0,0,0,1,9th_set_dataset_collection
com_catalinagroup_callrecorder,0,0,1,0,0,0,1,9th_set_dataset_collection
com_coindcx_btc,0,0,1,0,0,0,1,9th_set_dataset_collection
com_bigbasket_mobileapp,0,0,1,0,0,0,1,9th_set_dataset_collection
com_camerasideas_trimmer,0,0,1,0,0,0,1,9th_set_dataset_collection
com_cam001_selfie361,0,0,1,0,0,0,0,9th_set_dataset_collection
com_cabbazar_user,0,0,1,0,0,0,1,9th_set_dataset_collection
com_codifi_goodwill,0,0,1,0,0,0,0,9th_set_dataset_collection
com_bsbportal_music,0,0,1,0,0,0,1,9th_set_dataset_collection
com_comuto,0,0,1,0,0,0,1,9th_set_dataset_collection
com_bumble_app,0,0,1,0,0,0,1,9th_set_dataset_collection
com_cleartrip_android,0,0,1,0,0,0,1,9th_set_dataset_collection
00275F3F07D0C0A63C0B6BA8C44CF2C716054384AA250574657024C0211A314B,0,1,1,0,0,0,1,9th_set_dataset_collection
0029515673570186B88C3F6EF0E1B27257CD02FF65371F843D397689B2F52960,0,0,1,0,0,0,0,9th_set_dataset_collection
0028A8AFB3869446B48B2C93BF40358ADC593FFB66BD866F6F92DED51EFF8483,1,1,1,0,0,0,1,9th_set_dataset_collection
0047CA0D54D7C29E07C7BCBC1A848D3E27FEFA25C61B0CA12A6442CCC30E6B24,0,0,1,0,0,0,0,9th_set_dataset_collection
00291D3D60FE44CD0DBA35C594F849CE609C1327CBBF261109D175368C75F6D9,1,1,1,0,0,0,0,9th_set_dataset_collection
002959EC3706108099685C59465F2A91207284F4F69A803AE06C99BE2727D050,0,0,1,0,0,0,0,9th_set_dataset_collection
002933C6D7241C14DC17055C14E1A39681E4CEF7999A47A4EA1090E0B485DF94,1,1,1,0,0,0,1,9th_set_dataset_collection
0029761A4D7DBC88AF8C0F5BDA9A11F3FC471BD5F761FED124CAA42537ED1A4E,0,1,1,0,0,0,0,9th_set_dataset_collection
00264BEB37C657BBAE4BAABB1EA7A07BAE09B2ABEAF9452D003DA00EC07F9812,1,1,1,0,0,1,1,9th_set_dataset_collection
002878C834E3EFC9B8AE6630E0AA5518ECFA323D9A30E364904528C99E67E4D1,1,0,1,0,0,0,1,9th_set_dataset_collection
002957B4072FBF3430EF7A21D7E382102B25F72D6C430A571ED1AA15A0517C8D,0,0,1,0,0,0,0,9th_set_dataset_collection
004896B1FACE2D16C7C2ECFE9A72DEA078D0FEC4EF547443416A6CD4CF478BC3,0,0,1,0,0,0,0,9th_set_dataset_collection
002A15A585B6E6C44ABE5800838FF1C6D86CE4139853FF8EE0C965B6F9F41A4D,0,1,1,0,0,1,1,9th_set_dataset_collection
00277D672D3B56A6EDAD8C7D0C1D5E95085C200A7323C7ABDE6FA6FCA2E6607B,1,0,1,0,0,0,1,9th_set_dataset_collection
00294B0C7524493345BF75E3FD1E1109A1E6B33E44A9DBEE6253DF7CC3E4895B,0,0,1,0,0,0,0,9th_set_dataset_collection
0026B16FFB0903AB375A577E057798897A33A335C7382F3EE64DFDBD2A3C3A80,1,1,1,0,0,1,1,9th_set_dataset_collection
002790F4655100A0EAFE48FD2BEAEA7CAD38DC1390351AD4D6CEBF882E1BC87D,0,0,1,0,0,0,0,9th_set_dataset_collection
0048496F347C911667FA5EF8F91C5B48474992033308034C1BBA74A1F5DDC5DD,0,0,1,0,0,0,0,9th_set_dataset_collection
0029FFE65122908C463F0B7257FEA31F9682CCB91E6669844509869119803D99,1,1,1,0,0,0,1,9th_set_dataset_collection
0027E6EC7D49686F5A4952E6C09C871A8FEEB0B0CAA796ED6F220C05276D3049,1,1,1,0,0,1,0,9th_set_dataset_collection
0029D05DACC36F4F39515FB768B95716DB67A112D91EA6145080CEDC5D761419,0,0,1,0,0,0,0,9th_set_dataset_collection
0029BC0EB180ABCFB9F7F1219525E49BA5571BEAD36EAE581F856489C2AC7C5B,0,0,1,0,0,0,0,9th_set_dataset_collection
00276F3CBE7CBDE07DE0DA42796EE60E9FC0ABAB998BE300E74C374944A08451,0,1,1,0,0,0,1,9th_set_dataset_collection
00482404A9E5B3787238C69050F34888FB660DB38E8489FFA6F71A3550FDD740,0,0,1,0,0,0,1,9th_set_dataset_collection
com_syst_tufeelive,0,0,1,0,0,0,0,5th_set_dataset_collection
com_soundcloud_android,0,0,1,0,0,0,1,5th_set_dataset_collection
com_textmeinc_freetone,0,0,1,0,0,0,0,5th_set_dataset_collection
com_talker_acr,0,0,1,0,0,0,1,5th_set_dataset_collection
com_suno_android,0,0,1,0,0,0,1,5th_set_dataset_collection
com_todoist,0,0,1,0,0,0,1,5th_set_dataset_collection
com_thinkdirty_thinkdirtyapp,0,0,1,0,0,0,1,5th_set_dataset_collection
com_tocaboca_tocalifeworld,0,0,1,0,0,0,0,5th_set_dataset_collection
com_starbucks_in,0,0,1,0,0,0,1,5th_set_dataset_collection
com_teleparty_android,0,0,1,0,0,0,1,5th_set_dataset_collection
com_spinny_consumer,0,0,1,0,0,0,1,5th_set_dataset_collection
com_suntv_sunnxt,0,0,1,0,0,0,0,5th_set_dataset_collection
com_substack_app,0,0,1,0,0,0,1,5th_set_dataset_collection
com_streema_simpleradio,0,0,1,0,0,0,0,5th_set_dataset_collection
com_thaidigitalplatform_tagthai,0,0,1,0,0,0,1,5th_set_dataset_collection
com_studioeleven_windfinder,0,0,1,0,0,0,1,5th_set_dataset_collection
com_syst_tuitionapp2,0,0,1,0,0,0,0,5th_set_dataset_collection
com_tapastic,0,0,1,0,0,0,1,5th_set_dataset_collection
com_square_enix_android_googleplay_mangaup_global,0,0,1,0,0,0,1,5th_set_dataset_collection
com_tayasui_sketches,0,0,1,0,0,0,0,5th_set_dataset_collection
com_sinyee_babybus_townprincess,0,1,1,0,0,0,0,5th_set_dataset_collection
com_spotify_music,0,0,1,0,0,0,1,5th_set_dataset_collection
com_tawaf_hurryapp,0,0,1,0,0,0,1,5th_set_dataset_collection
com_sweetkaram_shopifyapp,0,0,1,0,0,0,0,5th_set_dataset_collection
com_splendapps_splendo,0,0,1,0,0,0,0,5th_set_dataset_collection
com_tinder,0,0,1,0,0,0,1,5th_set_dataset_collection
com_snapchat_android,1,1,1,0,0,1,1,5th_set_dataset_collection
0038313AB7B798140EBC56AD546295C6B65610AECA1EA5B49B83FDCF75F24BED,0,1,1,0,1,0,1,5th_set_dataset_collection
0035310291FE1C72704FF1D1026374D5EAD10A10533CC407F1BDC67AC36A2FAD,0,0,1,0,0,1,1,5th_set_dataset_collection
0034521C28F6221782BC38C19C48BE1CC990ACF093F05A3DECB238A74979C183,0,1,1,0,1,0,1,5th_set_dataset_collection
0034F2B3ADB30257340D76F4C8B0535C7091FC8367EAD84EB647EF245A65831F,0,0,1,0,0,0,0,5th_set_dataset_collection
00321D0432363A4016BC9739DED6914BDC12889F48628F01C73E024F82B8DBDE,0,0,1,0,0,0,0,5th_set_dataset_collection
00392F885A35092506A6A7686C00BD9140872429D495A026E00C22F5293784CC,0,0,1,0,0,0,0,5th_set_dataset_collection
00349630573B54F1C715753A3532C7248000EFD0D8D1AD36B11EF0D0EDA05D09,0,0,1,0,0,0,0,5th_set_dataset_collection
003556807A7705137FA0779ECFAFE8D53F354D8A7A1B66155D286CC2B0857BD8,1,1,1,0,0,0,1,5th_set_dataset_collection
00330014531CDB23B60A9C465F6BFA0978FC9B207CB1D7C0EDF228CE0CED37B5,0,0,1,0,0,0,1,5th_set_dataset_collection
0038FFE8421E7D6EB1920D52D1559E62D56CE207AA8310026F6A5F0510FAF780,0,0,1,0,0,0,1,5th_set_dataset_collection
0039074031AC0B8EBA996CE71CE326256CDC19CBE16F2C3384CB91DA66CC97E8,0,0,1,0,0,0,0,5th_set_dataset_collection
0037F62D8A262B605E90E4063BD67ED0647DDC39993DDB54FBECE31FD8F1E60B,0,0,1,0,0,0,0,5th_set_dataset_collection
003836B0BD0F06DFC2A61C096670544539598D2AD2B2321F83B0A198E5E6CB3D,0,0,1,0,0,0,0,5th_set_dataset_collection
003923EBA140A4EF3647D861AF0225AB8B8079DEB57B968D77DFBD3B97F0298C,0,0,1,0,0,0,0,5th_set_dataset_collection
00381EA492B1EB9F583C79AF6908C100FDE8A7A9C1BBB46E1571347740B9580F,1,1,1,0,0,0,0,5th_set_dataset_collection
00355764FF8F90B44C0D05978C7A5E8E9D56D925D9D549447AA53FD6044C4D99,1,1,1,0,1,0,1,5th_set_dataset_collection
0034489E79C54F396610063547633F9E876AEB724404D4003E8193C3AFCD3DB1,0,0,1,0,0,1,0,5th_set_dataset_collection
00393A2E87F36F05A05EFCE2D710218020F074BFA5249391E9C90A26191E8CFE,0,0,1,0,0,0,0,5th_set_dataset_collection
0039AB30BC2DA305F5A14242D40C91A16F04F2E33460F55520CBAE835D28647F,0,1,1,0,0,0,1,5th_set_dataset_collection
0038A8C42446F5CE681B38F52FED1F12A1962EC75DFA6596399322E6875BA2D2,0,1,1,0,0,0,1,5th_set_dataset_collection
0035744F214BF79E6096BBCB78017342DDB213456A8B25476969CEA7A1DA28C3,0,0,1,0,0,0,0,5th_set_dataset_collection
0038D62FECEFE9FA3F24C7C466804BECA1641034ADC86E4720F398B7146B8D8F,0,1,1,0,0,0,1,5th_set_dataset_collection
003532FF2D274B3F1EB3E972DA003F5DF9B0C1B808104A9B7210B073F3AC50BF,0,0,1,0,0,0,0,5th_set_dataset_collection
00380BE1FA224F8A90EA29C5128EFDC13CA3B16AAD8AE89D5E368B2F13DCC8DD,1,1,1,0,0,0,0,5th_set_dataset_collection
com_newreading_meganovel,0,0,1,0,0,0,0,12th_set_dataset_collection
com_mumbaiindians,0,0,1,0,0,0,1,12th_set_dataset_collection
com_microsoft_skydrive,1,0,1,0,0,0,1,12th_set_dataset_collection
com_microsoft_scmx,0,0,1,0,0,0,1,12th_set_dataset_collection
com_naver_linewebtoon,0,0,1,0,0,0,1,12th_set_dataset_collection
com_musicplayer_player_mp3player_white,0,0,1,0,0,0,0,12th_set_dataset_collection
com_neave_zoomearth,0,0,1,0,0,0,1,12th_set_dataset_collection
com_mobisystems_msdict_embedded_wireless_oxford_dictionaryofenglish,0,0,1,0,0,0,1,12th_set_dataset_collection
com_netflix_mediaclient,0,0,1,0,0,0,1,12th_set_dataset_collection
com_mydygz_mvpapp,0,1,1,0,0,0,0,12th_set_dataset_collection
com_microsoft_teams,0,0,1,0,0,1,1,12th_set_dataset_collection
com_microsoft_todos,0,0,1,0,0,0,1,12th_set_dataset_collection
com_msf_sbicap_securities,0,0,1,0,0,0,1,12th_set_dataset_collection
com_microsoft_office_excel,1,1,1,0,1,1,1,12th_set_dataset_collection
com_mynikon,0,0,1,0,0,0,0,12th_set_dataset_collection
com_mp4mp3,0,0,1,0,0,0,0,12th_set_dataset_collection
com_ng_labs_markers,0,0,1,0,0,0,0,12th_set_dataset_collection
com_net_pvr,0,0,1,0,0,0,1,12th_set_dataset_collection
com_microsoft_office_officehubrow,0,0,1,0,0,0,1,12th_set_dataset_collection
com_naturefit_doctor_app,0,0,1,0,0,0,0,12th_set_dataset_collection
com_nestopar,0,0,1,0,0,0,0,12th_set_dataset_collection
com_new_wltpe,0,0,1,0,0,0,1,12th_set_dataset_collection
com_newleaf_app_android_victor,0,0,1,0,0,0,1,12th_set_dataset_collection
0025A026BE42A0E46F2F5C42DCC8B9335F97489DE816E3879A098C44390F8517,0,0,1,0,0,0,0,12th_set_dataset_collection
0023AC841656BEBDEFC756915966F1010FA5D071BABA32188BBA2E88C2557365,1,1,1,0,1,1,1,12th_set_dataset_collection
00244E338BEE8B189F02F63C49A24F6708E925F6AD9477144FDFD19BF814AD74,0,0,1,0,0,0,1,12th_set_dataset_collection
0025126AF95CF5156C8B856769824673E1F85EBA832ACF22A9B98FFAB0403307,1,1,1,0,0,0,1,12th_set_dataset_collection
0023FCDFF9F9FB929766F6E4175991667353106883EA1DFD8F3C168E5399E00B,0,1,1,0,0,0,1,12th_set_dataset_collection
0024026B4E0CBD7EC483B88662288DEF2847E3F1DE5E09DDF3D3C298F99CDF07,1,1,1,0,1,0,1,12th_set_dataset_collection
0024BA6F8CEB9BC03E6066B4A5776C3F3A4BCF30BF5FAEEE4AF7010E29D1B455,0,0,1,0,0,1,1,12th_set_dataset_collection
00252BCB6DB9646EE6CB0AF2C0C5D86F1063DF48B84DFF9BCB6034E96CD8847E,0,1,1,0,1,0,1,12th_set_dataset_collection
00236F8C5B7BA735E4534406AB0AFBF6AE3EA3A4066536C42F443A300716AE47,1,1,1,0,0,1,1,12th_set_dataset_collection
0024766ACE2CC1B0AEFB92A8CAA18C1513A2F9644827F3E814709AFD753DD2D7,1,1,1,0,0,0,1,12th_set_dataset_collection
org_acharyaprashant_apbooks,0,0,1,0,0,0,1,2nd_set_dataset_collection
pedometer_stepcounter_calorieburner_pedometerforwalking,0,0,1,0,0,0,1,2nd_set_dataset_collection
photo_cameraselfie_sweet_camera,0,0,1,0,0,0,0,2nd_set_dataset_collection
musicplayer_mp3player_musicapp,0,0,1,0,0,0,0,2nd_set_dataset_collection
money_super_payments,0,0,1,0,0,0,1,2nd_set_dataset_collection
org_thoughtcrime_securesms,0,0,1,0,0,1,1,2nd_set_dataset_collection
me_ingala_galachat,0,0,1,0,0,0,0,2nd_set_dataset_collection
maxplayer_mediaplayer_videoplayer,0,0,1,0,0,0,0,2nd_set_dataset_collection
mymusic_offlinemusicplayer_mp3player_playmusic,0,0,1,0,0,0,0,2nd_set_dataset_collection
mirchi_livevideo_chat,0,0,1,0,0,0,0,2nd_set_dataset_collection
org_ondc_nirmitbap,0,0,1,0,0,0,1,2nd_set_dataset_collection
net_skyscanner_android_main,0,0,1,0,0,0,1,2nd_set_dataset_collection
net_manta_comic,0,0,1,0,0,0,1,2nd_set_dataset_collection
org_telegram_messenger,0,1,1,0,0,1,1,2nd_set_dataset_collection
mobi_mangatoon_novel_portuguese,0,0,1,0,0,0,0,2nd_set_dataset_collection
paper_puzzle_fold_fun_play,0,0,1,0,0,0,0,2nd_set_dataset_collection
music_ytstream_youtify,0,0,1,0,0,0,1,2nd_set_dataset_collection
org_videolan_vlc,0,1,1,0,0,0,0,2nd_set_dataset_collection
org_player,0,0,1,0,0,0,0,2nd_set_dataset_collection
org_ieee_mobile_mcoe_ieee,0,0,1,0,0,0,0,2nd_set_dataset_collection
notion_id,0,0,1,0,0,0,1,2nd_set_dataset_collection
org_thunderdog_challegram,0,0,1,0,0,0,1,2nd_set_dataset_collection
org_mozilla_firefox,0,0,1,0,0,0,0,2nd_set_dataset_collection
net_openkochi_yatripartner,0,0,1,0,0,0,1,2nd_set_dataset_collection
myradio_radio_fmradio_liveradio_radiostation,0,0,1,0,0,0,0,2nd_set_dataset_collection
pdf_reader_pdfviewer_pdfeditor,0,0,1,0,0,0,0,2nd_set_dataset_collection
math_games_education_learn_logic_fun,0,0,1,0,0,0,1,2nd_set_dataset_collection
000EE43BF6B49402AE1AAF6A6BD1A73FAB6C1D70DAD36AC9A0A622B93770F492,0,0,1,0,0,0,0,2nd_set_dataset_collection
000371520366622D75A974E3DA635976A5F8D6569A5D2CAEB08BDAB46E842734,1,1,1,0,0,1,1,2nd_set_dataset_collection
000E3DD6B3F4044C09BDC1ACA170261A4F932618C561879282FC0A4027D5EC6F,0,0,1,0,0,0,1,2nd_set_dataset_collection
000D44B413E70C3C02D3BC6D8E8FA4B17CC82E800974EA705201CBB6932EA41C,0,1,1,0,0,0,0,2nd_set_dataset_collection
00052B07359A510114592A57CCC471CE4B2EAEFBF964A15375D5F000882E09A1,0,1,1,0,0,0,0,2nd_set_dataset_collection
000F257D3E269DD0E241D2A910361CA8955702B3BA8ADEFEE30F78A6E8565E0B,0,1,1,0,0,0,0,2nd_set_dataset_collection
000E7209DAFCBBDD351F4E2B433E7CFC2B5C03F56A2B9CE1CF0841EE27360257,1,1,1,0,1,0,0,2nd_set_dataset_collection
000E2DD97692D742C6F7C2989FF1349D0DBA2BAFABEBF1220DC252D0E36679A7,1,0,1,0,0,0,0,2nd_set_dataset_collection
0005082EE5323640027993C96117E03A8D2A6A5FE8A3CE4128E24E04174FBD9D,0,1,1,0,0,0,1,2nd_set_dataset_collection
0005FAFA5FA61EA3FD6CAE8684ABE566B9F3513751AF5944066DA426CDCA02AE,0,1,1,0,0,1,0,2nd_set_dataset_collection
00038EC8855A2CC9170C0F0882181482C9977CC4D3AF93475E2CED20BAC87601,0,1,1,0,1,0,1,2nd_set_dataset_collection
000DDCEE5F9FA00F4652828CB2D4E4B08A3A422F4472D01F56886A40744BF4BD,1,1,1,0,0,0,1,2nd_set_dataset_collection
000E609685B5DC5311F74F6C99E23811212AF904E95D18E23C39CDD4E55715DE,1,1,1,0,0,0,1,2nd_set_dataset_collection
000F8752D05F315689A96A59D22CAE508F00B24717A329B07AA1881E4E4EC6DA,0,1,1,0,0,0,1,2nd_set_dataset_collection
000D485BE7A0A9768C0006D1B5DBFE494C08234A4D3041B3FAE5B167AB627D76,0,1,1,0,0,0,0,2nd_set_dataset_collection
00052B3AB096E61C3008AE77AA6C7DE22C28B08CFB61BCCDFC6128F373209139,1,1,1,0,0,1,1,2nd_set_dataset_collection
000461DA0D6436E86A764335BECEC402D2B8EDAD0C04B5B4650F18DA926EBABD,0,0,1,0,0,0,0,2nd_set_dataset_collection
0004AD1FC2C5E5D358D40A69E215E621FFF591805EDEC110DAD79E1093CA7CC1,0,1,1,0,0,0,1,2nd_set_dataset_collection
00051A313DB5B3A7CD9212CF20F731F3F2B36420EA663D7A9D9268B1B46A1BE1,0,1,1,0,0,0,1,2nd_set_dataset_collection
000DA8DF57190725B074F7DE2B00A219C90BB09C1FDF5177CEF5CB9C1B5E95A7,0,0,1,0,0,0,0,2nd_set_dataset_collection
000D690021E538EBDB9C23EC8662C1CF59A874829FB1F59A9AF8A0F5B59FA815,0,0,1,0,0,0,0,2nd_set_dataset_collection
00040F7E1034634D2B8B438E37E43E04D2523496FC668C592BB4F5C562E16073,0,0,1,0,0,0,0,2nd_set_dataset_collection
000EF4DBFB190BAED04B24377C45A8B256199C98E7DAD0C76998BF4C06EA114A,0,0,1,0,0,0,0,2nd_set_dataset_collection
00043914D385019B70FA2D0E289EC3FDF8A07CCED326C03EA3CF3D71BBBB1206,1,1,1,0,0,0,0,2nd_set_dataset_collection
com_deere_anubhuti_main,0,0,1,0,0,0,1,10th_set_dataset_collection
com_toomics_global_google,0,0,1,0,0,0,0,10th_set_dataset_collection
com_trello,0,0,1,0,0,0,1,10th_set_dataset_collection
com_tvsm_connect,0,0,1,0,0,0,1,10th_set_dataset_collection
com_toonsutra_comicapp,0,0,1,0,0,0,1,10th_set_dataset_collection
com_customerapp_hero,0,0,1,0,0,0,1,10th_set_dataset_collection
kling_ai_video_chat,0,0,1,0,0,0,1,10th_set_dataset_collection
life_channel_accurate_local_weather_forecast,0,0,1,0,0,0,0,10th_set_dataset_collection
com_dashtoon_app,0,0,1,0,0,0,1,10th_set_dataset_collection
com_tradingview_tradingviewapp,0,0,1,0,0,0,1,10th_set_dataset_collection
livio_pack_lang_en_US,0,0,1,0,0,0,1,10th_set_dataset_collection
live_weather_vitality_local_channel_forecast,0,0,1,0,0,0,0,10th_set_dataset_collection
live_sanskriti_android,0,0,1,0,0,0,0,10th_set_dataset_collection
com_transsion_phoenix,0,0,1,0,0,0,1,10th_set_dataset_collection
com_cris_utsmobile,0,0,1,0,0,0,1,10th_set_dataset_collection
kr_fanbridge_podoal,0,0,1,0,0,0,1,10th_set_dataset_collection
com_tuya_smartlife,0,0,1,0,0,0,1,10th_set_dataset_collection
com_tutotoons_app_dopplesworld,0,0,1,0,0,0,0,10th_set_dataset_collection
com_tohsoft_music_mp3_mp3player,0,0,1,0,0,0,0,10th_set_dataset_collection
com_crunchyroll_crunchyroid,0,0,1,0,0,0,1,10th_set_dataset_collection
com_toh_mp3_music_player,0,0,1,0,0,0,0,10th_set_dataset_collection
jp_ne_ibis_ibispaintx_app,0,0,1,0,0,0,0,10th_set_dataset_collection
luma_sora_pika_runway_video_ai,0,0,1,0,0,0,0,10th_set_dataset_collection
com_deepseek_chat,0,0,1,0,0,0,0,10th_set_dataset_collection
jp_co_shueisha_mangaplus,0,0,1,0,0,0,1,10th_set_dataset_collection
002EE8BD83ACB573EC53C2F3DDD511A663175E09E784ADF750C52FCD3225D162,1,1,1,0,0,0,1,10th_set_dataset_collection
002C23821763AA852DD3D53D82AEB1FA5DF0A511CBB4DE1A512B28F5A4B1560B,0,0,1,0,0,0,0,10th_set_dataset_collection
00308A9A7BC6E0E2A83A380E65F8888A7FF13E8291480865EBBE97D24E4F9137,0,0,1,0,0,0,0,10th_set_dataset_collection
002CE597255D9510A73B8B6D51DCEEB93F5155EFE77DCDD2375D0EED4B1D7BAD,1,1,1,0,0,0,0,10th_set_dataset_collection
002D9A7226654713A4C5C3AB7FE0527E428629EE014AFD3F216F71EC824CD544,0,0,1,0,0,0,0,10th_set_dataset_collection
002C39C0E4496E86F86B38638A81E4CCA05F6E6327CEEC31E09AFCAC8A444FB7,0,1,1,0,0,0,1,10th_set_dataset_collection
002D9D5CBF56942D4A237A8F9B0DD6A2795056A95869E5B897FDAA63401F3769,0,0,1,0,0,0,0,10th_set_dataset_collection
002C0CB594DAE644A90920752BA9CDFE0E93F8D740055997517A5313A4E3CFC9,0,0,1,0,0,0,0,10th_set_dataset_collection
002EA1919F973418771704EBDFA664347C619BDA261A3252F053C71BD7C2C401,1,1,1,0,0,0,1,10th_set_dataset_collection
002ED4DA4A9B216B354D389C29A5AC7A9B6D45C6E19F0BA25D953014F735A58C,1,1,1,0,0,0,0,10th_set_dataset_collection
002B91435CEB3E61824FF090046BC44E86C24309421850E369E179A73BBE23E5,0,0,1,0,0,0,0,10th_set_dataset_collection
002CD3D4F084B01AD9EC0546454458D685BF83CE5722660B60FF485BF6485480,0,1,1,0,0,0,1,10th_set_dataset_collection
002CFA002CAD03B550064C3B2D25F1C28E179E4E5D43B8DA76A59F27FD2B76C5,1,0,1,0,0,0,0,10th_set_dataset_collection
002FBD0753B8438131BB4DAEB6935B839E18920188900D28F131B0F3042726EE,0,0,1,0,0,1,1,10th_set_dataset_collection
002EA64C06BCEF78527D08E73B17F9FD9D6DB8253A6C44F0E29A3CBA617A732B,0,0,1,0,0,0,0,10th_set_dataset_collection
002D767B3B27EAF4E42B396EED8DD45D4D7D80DD8BDA129090C48361F3BBC2B4,1,1,1,0,0,0,1,10th_set_dataset_collection
002DEF4BDF35A932F4BCAD6E843FF087EF9073D2B53D4D95D8D2DA48FB9F8721,0,0,1,0,0,0,0,10th_set_dataset_collection
002F40BAF9AAF2EEBB83E73E19258A744562CDB3E9A1FEF818FFC1C57ED8C596,0,0,1,0,0,0,0,10th_set_dataset_collection
002D30B507F10C65E9D72A43FFC6E26F976F6E004BE91ECCE8BF01AAE8A7115D,0,0,1,0,0,1,0,10th_set_dataset_collection
002D6FBB5E4EA8FB6F9A8CA321CEB73CBBB1090C7497B28D1D2ABC76982DAE85,0,0,1,0,0,0,0,10th_set_dataset_collection
002FDB24C7A2424F50C088369B4E7D50B006F9CFE41104721F41D1E25D3605B1,0,0,1,0,0,0,0,10th_set_dataset_collection
002E5EC4E9D7606DB2F228AB4AD1C38E5E46961C93DF5711F99ECE9F617C1916,0,0,1,0,0,0,0,10th_set_dataset_collection
002FE20BC81CC745574ABF2897E76F009BA7E0821EA1E6E573621F2D1D8B7F8E,0,0,1,0,0,0,0,10th_set_dataset_collection
002A69E84A8AF57CB6E230B23724CA77D21553FCAE82FAFA1D5BA432B19231B3,0,0,1,0,0,0,0,10th_set_dataset_collection
com_aige_hipaint,0,0,1,0,0,0,0,7th_set_dataset_collection
com_adobe_scan_android,0,0,1,0,0,0,1,7th_set_dataset_collection
calendar_agenda_calendarplanner_agendaplanner,0,0,1,0,0,0,0,7th_set_dataset_collection
com_airbnb_android,1,1,1,0,0,0,1,7th_set_dataset_collection
com_accurate_live_weather_widget,0,0,1,0,0,0,0,7th_set_dataset_collection
com_actiondash_playstore,0,0,1,0,0,0,0,7th_set_dataset_collection
com_amazon_mp3,0,0,1,0,0,0,1,7th_set_dataset_collection
com_amazon_avod_thirdpartyclient,0,0,1,0,0,0,1,7th_set_dataset_collection
com_amazon_sellermobile_android,0,0,1,0,0,0,1,7th_set_dataset_collection
call_recorder_automatic_acr,0,0,1,0,0,0,0,7th_set_dataset_collection
com_amazon_kindle,0,0,1,0,0,0,1,7th_set_dataset_collection
bulksenderwa_marketingviawa_wabulksender,0,0,1,0,0,0,0,7th_set_dataset_collection
com_amapps_media_music,1,1,1,0,0,1,1,7th_set_dataset_collection
com_adobe_reader,0,0,1,0,0,0,1,7th_set_dataset_collection
com_ahaguru_ahazap,0,0,1,0,0,0,0,7th_set_dataset_collection
co_windyapp_android,0,0,1,0,0,0,0,7th_set_dataset_collection
co_hinge_app,0,0,1,0,0,0,1,7th_set_dataset_collection
canada_job_search,0,0,1,0,0,0,1,7th_set_dataset_collection
co_godream_gostream,0,0,1,0,0,0,0,7th_set_dataset_collection
com_adsk_sketchbook,0,0,1,0,0,0,0,7th_set_dataset_collection
com_accurate_weather_forecast_live,0,0,1,0,0,0,0,7th_set_dataset_collection
chotelal_mpaani_com_android_chotelal,0,0,1,0,0,0,1,7th_set_dataset_collection
00423D41D6F2789E62FDB6C9410C68A5801BD92023F78DD0177D67DF8ECC00ED,0,1,1,0,0,0,1,7th_set_dataset_collection
004192DA771A9723CE5E94AADDF91EA96BCC3A1579FB09A016D095A4CDFF55D9,0,0,1,0,0,0,0,7th_set_dataset_collection
004245D49C5F269EB008629188D3B2AB2AFDCCA50D7D9F1B1FBA4009927CE334,1,1,1,0,0,0,1,7th_set_dataset_collection
00426C80657F5EDB49A0BC9B9429F7945585262610B5AA7DC2D5438FF3EEC7F1,1,1,1,0,0,0,0,7th_set_dataset_collection
003ECDE618EAF2E1727728F72B7E914196E3F010747F08C980C5E56E8C84DE2A,0,0,1,0,0,0,1,7th_set_dataset_collection
00436711D1955699A8EA3847360797927EF5B12388A3688F38FD0377C0569D54,0,0,1,0,0,0,0,7th_set_dataset_collection
003CCEEC5D0D7CD60A23CDAAB83434D33A0F7F5741B865E1AB3DE0092278BE1E,1,1,1,0,1,1,1,7th_set_dataset_collection
00408A1EB79B56AB30D6E5C3325C5C455D2D35A9E23D5FB61F990E4BCF78C6E3,0,0,1,0,0,0,1,7th_set_dataset_collection
004180443C0FDFD0735A898C88F49921A5CC3E3B6AC1AE35FDD5EFEF3A2948B4,0,0,1,0,0,0,0,7th_set_dataset_collection
0042AA3AEB1C849D99BCA81BC2718D298E68147DECEE4A2205DE56E697E9F7C2,1,1,1,0,0,0,1,7th_set_dataset_collection
0042B30A560654BC9EEC9ED6DC6DCA808952C8F2830ED0DEE2F935F741B8C8E7,0,0,1,0,0,0,0,7th_set_dataset_collection
0043DAE148B6495B78C5253E9E5765512E3C1C80B9923FE3EA23633945E2DAFC,1,1,1,0,0,0,1,7th_set_dataset_collection
003FC4F9550B4DF14B1BCF00DAC44E87F6746195F642EB483F287E902592B651,0,1,1,0,0,0,0,7th_set_dataset_collection
003E34614D85A2C8FD63C5CD36F3502703ADE1F9FA8F088AA99E581970F6B124,1,1,1,0,0,1,1,7th_set_dataset_collection
00417A41EE6877B154C8214C7DF62DB30231E6C79F576135AE9EBC3AC1DC2040,0,0,1,0,0,0,0,7th_set_dataset_collection
003EBD342B00F099ABC6F4D3FA83124306FE5519561193DF7EA5FEAC218F2208,1,0,1,0,0,0,1,7th_set_dataset_collection
004067A1980472621D5571F6F1D3A7F5FD16380F77E2B81A6512B34E562DF394,0,0,1,0,0,0,0,7th_set_dataset_collection
003EEAC5C29AE379CC653F479EE14765CEC6AE036A6064BA87C1A9D64C07C90B,1,1,1,0,0,1,1,7th_set_dataset_collection
0040485C881C3224E0E3B171E85A54B4A7B5E36F01AB02A9D1B514121D31C1AF,0,0,1,0,0,0,1,7th_set_dataset_collection
0040BFF0F9C9969E1244AFE68C5C7230835D16EC6215770801BECD2BBB211CF1,0,0,1,0,0,0,0,7th_set_dataset_collection
00408F343B736EE3AC758E5F65DC578CD01040F7F29EDFA08A891B5FCB599ADD,0,0,1,0,0,0,0,7th_set_dataset_collection
003F7A7965474FE97BAA5AA7FAEE83ED68D94632A33D57456BFC23748FEDB968,1,0,1,0,0,0,0,7th_set_dataset_collection
00408A01008599990BCA59CF795806BB35536B22775E4294990E5CF72550C089,0,1,1,0,0,0,0,7th_set_dataset_collection
0043A782C4CF2884771465C83AA60FDA0DA359FAF672BD58741D2F6DA01838CD,0,0,1,0,0,0,0,7th_set_dataset_collection
in_org_npci_upiapp,0,0,1,0,0,0,1,6th_set_dataset_collection
fitness_home_workout_weight_loss,0,0,1,0,0,0,1,6th_set_dataset_collection
in_krosbits_musicolet,1,0,1,0,0,0,0,6th_set_dataset_collection
in_burgerking_android,0,0,1,0,0,0,1,6th_set_dataset_collection
info_vehicle_rto_car,0,0,1,0,0,0,0,6th_set_dataset_collection
in_upstox_app,0,0,1,0,0,0,1,6th_set_dataset_collection
in_swiggy_android_instamart,0,0,1,0,0,0,1,6th_set_dataset_collection
io_comico,0,0,1,0,0,0,1,6th_set_dataset_collection
fm_player,0,0,1,0,0,0,1,6th_set_dataset_collection
jp_co_canon_ic_cameraconnect,0,0,1,0,0,0,0,6th_set_dataset_collection
in_rootzorganics,0,0,1,0,0,0,1,6th_set_dataset_collection
in_startv_hotstar,0,0,1,0,0,0,1,6th_set_dataset_collection
in_thirdwavecoffee_android,0,0,1,0,0,0,1,6th_set_dataset_collection
in_swiggy_android,0,0,1,0,0,0,1,6th_set_dataset_collection
ins_story_unfold,0,0,1,0,0,0,0,6th_set_dataset_collection
in_juspay_nammayatri,0,0,1,0,0,0,1,6th_set_dataset_collection
hu_crabs_kidmaze,0,0,1,0,0,0,0,6th_set_dataset_collection
in_loanfront_android,0,1,1,0,0,0,1,6th_set_dataset_collection
icici_lombard_ghi,0,0,1,0,0,0,1,6th_set_dataset_collection
in_mohalla_sharechat,0,0,1,0,0,0,1,6th_set_dataset_collection
in_goindigo_android,0,1,1,0,0,0,1,6th_set_dataset_collection
gomechanic_retail,0,0,1,0,0,0,1,6th_set_dataset_collection
grit_storytel_app,0,0,1,0,0,0,1,6th_set_dataset_collection
in_stockedge_app,0,0,1,0,0,0,1,6th_set_dataset_collection
in_indwealth,0,0,1,0,0,0,1,6th_set_dataset_collection
in_swiggy_android_pop,0,0,1,0,0,0,1,6th_set_dataset_collection
enterprises_dating_boo,0,0,1,0,0,0,1,6th_set_dataset_collection
0039CB5F78C29085527B3106C1B622A2D50266D48DFE5FE99C2FFDFCF6724807,0,0,1,0,0,0,0,6th_set_dataset_collection
003AFB943A473A526294F34E6E89D0DC06282B753263C3E4CF7804FD7370B675,0,1,1,0,0,0,0,6th_set_dataset_collection
003E7A36CFD7626971D2FA8408D96E9D572A4435F0D5B03B471478E9A4AFB953,0,0,1,0,0,0,0,6th_set_dataset_collection
003ADA875EEE9A1E0BCD882E806DB15FB4B5072C5F397919324F9A40D409940D,1,1,1,0,1,0,1,6th_set_dataset_collection
003A69E80EC53B6C347C58383235A6650FA880069FA6C4633E7E73679A578065,0,1,1,0,0,0,0,6th_set_dataset_collection
003B47587FFE501388BD30806B7409D5707CF1A7E438CCA4827A522DAFEF956F,0,0,1,0,0,0,0,6th_set_dataset_collection
003CA632351696D933018FF338CEF3F38A0F2CC56DC5DDEB5A86DBC542C3E81D,0,0,1,0,0,0,0,6th_set_dataset_collection
003ECDE618EAF2E1727728F72B7E914196E3F010747F08C980C5E56E8C84DE2A,0,1,1,0,0,0,0,6th_set_dataset_collection
003943E69A899C076365F89E98380C67F9A1B8265FFEED15CAEA2BDD0687795B,0,1,1,0,1,1,1,6th_set_dataset_collection
003C943A1ECA5F3498AFFB2050034F57A6EBDA0E897C6F74F1CD823E4FDFA8CC,1,1,1,0,0,1,1,6th_set_dataset_collection
003BD2C7DF2F65B096D173991C309DA0B52D4C702E528FCBED74859A2181D577,0,0,1,0,0,0,1,6th_set_dataset_collection
003B0F3BCDC542733AC5D005CA7A20CD311A7CA09451BF6A9201DA7D52515919,0,1,1,0,0,0,1,6th_set_dataset_collection
003B1D15F8C5E3BD381ACF49C70D3E3DDE2A8E8A41599AD24F86433EC9FF120E,0,0,1,0,0,0,0,6th_set_dataset_collection
003CCEEC5D0D7CD60A23CDAAB83434D33A0F7F5741B865E1AB3DE0092278BE1E,0,1,1,0,1,0,1,6th_set_dataset_collection
003C244943D556DC737A34D1F68BEFD8C3A28B9FB1A18991CB363E9908AAED36,1,1,1,0,0,0,1,6th_set_dataset_collection
003AC510CE787D5C6FF001016B044A34B9A90B5D98024E237720B0ED4F3A16F5,0,0,1,0,0,0,1,6th_set_dataset_collection
003AF631EACB08AC61A44D9BFEE51E76527F666F2408A1F40B01E15338B30C50,1,1,1,0,1,0,1,6th_set_dataset_collection
003ABAEE8FE469E50C9433481572E0593B5AB93309BDFED41FBD799C5BD9AA93,1,0,1,0,0,0,0,6th_set_dataset_collection
003EBD342B00F099ABC6F4D3FA83124306FE5519561193DF7EA5FEAC218F2208,0,0,1,0,0,0,0,6th_set_dataset_collection
003E8675D1CC44D7FDC29C4D461CD71DA2B95CB77DEB158090018EDA0082062F,0,0,1,0,0,0,1,6th_set_dataset_collection
003CAEB86DA0DD451A9F44AAD9A1E14C6538A7EFD832F355561105F031270B2A,0,0,1,0,0,0,0,6th_set_dataset_collection
003D97FBD1E4A3E3D1F13FFFB43766FD45CEF34490A681F47F34D0A4A1B549D0,0,0,1,0,0,0,0,6th_set_dataset_collection
003AB2A25E1B934FA640C480AA94A37A7F827647CBD49B9704728A011699B728,1,1,1,0,0,0,0,6th_set_dataset_collection
003E92799D446F48C25FEF77E06376F014ED843F969415883417D056D046BE58,0,0,1,0,0,0,0,6th_set_dataset_collection
003BF4EBCC0903A242E7006C60CDD801A406E462750B9FDBD689AAD5B3F7CD77,0,0,1,0,0,0,0,6th_set_dataset_collection
com_mg_smplan,0,0,1,0,0,0,0,11th_set_dataset_collection
com_microsoft_designer,0,0,1,0,0,0,1,11th_set_dataset_collection
com_microsoft_amp_apps_bingweather,0,0,1,0,0,0,0,11th_set_dataset_collection
com_ludo_king,0,1,1,0,0,0,1,11th_set_dataset_collection
com_lyrebirdstudio_facelab,0,0,1,0,0,0,1,11th_set_dataset_collection
com_microsoft_android_smsorganizer,0,0,1,0,0,0,0,11th_set_dataset_collection
com_magic_retouch,1,0,1,0,0,0,1,11th_set_dataset_collection
com_lutech_musicplayer,0,0,1,0,0,0,1,11th_set_dataset_collection
com_messenger_sms_messages,0,0,1,0,0,0,0,11th_set_dataset_collection
com_magicpin_local,0,0,1,0,0,0,1,11th_set_dataset_collection
com_mcdonalds_mobileapp,0,0,1,0,0,0,0,11th_set_dataset_collection
com_makemytrip,0,0,1,0,0,0,1,11th_set_dataset_collection
com_meb_lunarwrite,0,0,1,0,0,0,1,11th_set_dataset_collection
com_media_music_mp3_musicplayer,0,0,1,0,0,0,0,11th_set_dataset_collection
com_mcontent,0,0,1,0,0,0,1,11th_set_dataset_collection
com_maxmpz_audioplayer,0,0,1,0,0,0,1,11th_set_dataset_collection
com_lushful_app,0,1,1,0,0,1,1,11th_set_dataset_collection
com_marriott_mrt,0,0,1,0,0,0,1,11th_set_dataset_collection
com_merriamwebster,0,0,1,0,0,0,1,11th_set_dataset_collection
com_marutiapps_trendingapps_rtovehicleinformation,0,0,1,0,0,0,0,11th_set_dataset_collection
com_medibang_android_paint_tablet,0,0,1,0,0,0,1,11th_set_dataset_collection
com_microsoft_emmx,0,0,1,0,0,0,1,11th_set_dataset_collection
00306310E4259FAF132A8E7DCD340591CBC635DBD5BAF2FC18EF1A0508D6E7FC,0,0,1,0,0,0,0,11th_set_dataset_collection
001EAD5C5E69578AC3037B4665FDB023352EFCB247EA7CACFB439AEE0780AE06,0,0,1,0,0,0,0,11th_set_dataset_collection
0022A7B337E68A80AD0D65E147DF8814052DE16D82CCC59C754A759710B05497,0,0,1,0,0,0,1,11th_set_dataset_collection
0022A484CA5D219B98AA3EFBCCC9D7347E092FD847F9FBF58A93D67C124BFE4F,1,1,1,0,1,0,0,11th_set_dataset_collection
00307B98CE8DFDE434996099273B49CA2C5D98330AB634661F6147EEBB65CB37,0,1,1,0,0,0,1,11th_set_dataset_collection
001CF3EB9FF374EFEA80DD07A530B454D2F7F3FE896076CCB64A2CC0AA5FCB0E,1,0,1,0,0,0,1,11th_set_dataset_collection
001C951ED432C3DC6866520088D8C556B5407D54917477667CD962987C663C1F,1,1,1,0,0,0,1,11th_set_dataset_collection
0031BE7C8C5377ACEAD369B12544BBC9DC98DF79291C9012FF67AC091B11E7B0,0,0,1,0,0,0,0,11th_set_dataset_collection
001C3B5B45033A4DF5C584B13559E8630A110A518ECC1BE7B6BE6A86F379527C,1,1,1,0,0,1,1,11th_set_dataset_collection
00220DF711F9153EDD7937B386389A32A24592C8F05150A5FCEA15AA03E538F5,0,0,1,0,0,0,0,11th_set_dataset_collection
0030910164E795C5079B6CEBAC8F138F027D27DF6DEDBF1969AA7D86A084A961,0,0,1,0,0,0,0,11th_set_dataset_collection
00321BB86AF148342B5B9A07690FDA4EAA3EBFB3FB7E746E011BD422CE22B9C3,1,1,1,0,0,1,1,11th_set_dataset_collection
00218F9B39AD89B7BBA7589BC16B89105F8E760944BC8EB9F3FB331F416F3E88,0,0,1,0,0,0,0,11th_set_dataset_collection
00220427B4857AA33EA8286CECFA933ED92705396D69ADB3006A63D2D4AD2AE7,0,0,1,0,0,0,0,11th_set_dataset_collection
001CAEBCF9D6631AAE06B7C15E4B1EE5115566687806AB7104E38293076987B7,1,1,1,0,0,0,1,11th_set_dataset_collection
002168244CA0316332AAD66F277A41924DF192DDB384E360EE548FB5E59A0B45,0,0,1,0,0,0,0,11th_set_dataset_collection
0023343F1D7B5F8555A51397EEA2C034B963C1CBD0235B46C84CC7021B7CD775,1,1,1,0,1,0,0,11th_set_dataset_collection
001C8B91B5C1CD5E49FC1770B2A9D0918F930BBCB8DDCB74D64B837CF5C7821B,0,0,1,0,0,0,1,11th_set_dataset_collection
001EB22411A9E04D2B996132B3D4A5DA6F573C6BA16FF5FCD88FF1D147043B56,0,1,1,0,1,0,1,11th_set_dataset_collection
00227E518F73666129C5E6F6D63C7166F74AEE34633AE100E93530B8E5A6A90C,0,0,1,0,0,0,0,11th_set_dataset_collection
001CFC7CAD1A62976A9C6CB49454F7727A67EA0E290F920FEDE81C4B8F69CEFB,1,0,1,0,0,0,1,11th_set_dataset_collection
00318DA573360A7A2F028C4CFE9826A28E203583F41EA3584E4260890C970D5D,1,1,1,0,1,0,1,11th_set_dataset_collection
0022AD7C0FC187109ACFED0C07D83D21738703A707E803385D594DF7A65B7640,0,0,1,0,0,0,0,11th_set_dataset_collection
003196299F37A434868A1CE4470BCF8DF83876EC0A5FF406267CBC3EB1E1542E,0,0,1,0,0,0,0,11th_set_dataset_collection
001EDF58F3FAF0BBFB6E39438AC34BC5BC8261A0804231AB00CEA4B57CC50676,1,1,1,0,1,0,1,11th_set_dataset_collection
videopalyer_hd_video_music_player,0,0,1,0,0,0,0,1st_set_dataset_collection
us_zoom_videomeetings4intune,0,0,1,0,0,0,1,1st_set_dataset_collection
th_co_bualuang_blsgo,0,0,1,0,0,0,1,1st_set_dataset_collection
redwhite_cricket_liveline_score,0,1,1,0,0,1,1,1st_set_dataset_collection
za_co_shoprite_sixty60,0,0,1,0,0,0,1,1st_set_dataset_collection
video_player_audio_player_music,0,0,1,0,0,0,0,1st_set_dataset_collection
tech_baatu_parentcop,0,0,1,0,0,0,0,1st_set_dataset_collection
ringtonemaker_musiccutter_customringtones_freeringtonemaker,0,0,1,0,0,0,0,1st_set_dataset_collection
rto_owner_address_parivahan_car_malik_address_finder,0,0,1,0,0,0,0,1st_set_dataset_collection
videoeditor_videomaker_videoeditorforyoutube,0,0,1,0,0,0,0,1st_set_dataset_collection
tuat_kr_sullivan,0,0,1,0,0,0,0,1st_set_dataset_collection
uplayer_video_player,0,0,1,0,0,0,0,1st_set_dataset_collection
wp_wattpad,0,0,1,0,0,0,1,1st_set_dataset_collection
todolist_scheduleplanner_dailyplanner_todo_reminders,0,0,1,0,0,0,0,1st_set_dataset_collection
to_blend_mobile_app,0,0,1,0,0,0,1,1st_set_dataset_collection
us_zoom_videomeetings,0,0,1,0,0,1,1,1st_set_dataset_collection
video_player_videoplayer,0,0,1,0,0,0,0,1st_set_dataset_collection
railrestro_mobile_app,0,1,1,0,0,1,1,1st_set_dataset_collection
weather_radar_alert,0,0,1,0,0,0,0,1st_set_dataset_collection
revive_app,0,0,1,0,0,0,1,1st_set_dataset_collection
screenrecorder_recorder_editor,0,0,1,0,0,0,1,1st_set_dataset_collection
yesmadamservices_app_com_yesmadamservices,0,0,1,0,0,0,1,1st_set_dataset_collection
zynoff_mobile,0,1,1,0,0,0,0,1st_set_dataset_collection
ru_yandex_weatherplugin,0,0,1,0,0,0,1,1st_set_dataset_collection
000117948810F5DE07F0B296F68535C72B68E4A74B695CE08C488E319FCBF906,1,1,1,0,0,0,0,1st_set_dataset_collection
000371520366622D75A974E3DA635976A5F8D6569A5D2CAEB08BDAB46E842734,1,1,1,0,1,1,1,1st_set_dataset_collection
00010212C58DAC25E27496BF1BADAFBEABE2613C3D772EDAA97C2906A8DD8E6E,0,1,1,0,0,0,1,1st_set_dataset_collection
000234B3B17AA773825C5CC4512702ADD18509BDEBB039F36AA6F5D0EE7A78B6,1,1,1,0,1,0,1,1st_set_dataset_collection
00036ABBB6497F684E879A70E1AE4759342DF4E559486639ED55657F155B6351,0,0,1,0,0,0,0,1st_set_dataset_collection
0002996DF1C09CEE8CAA4E44AD873BB838272F25DE5EB2B7640D4FC5CC1E47C5,0,0,1,0,0,0,1,1st_set_dataset_collection
0001EF3DC57C9905FE7EAD593F2C3C092AAE46FA924116EAA704BE896106371D,0,0,1,0,0,0,0,1st_set_dataset_collection
00026A23B3B23660F09F453907E84BF0DF8F4DBD3D28725AEC5B1D725D4BAD70,0,0,1,0,0,0,0,1st_set_dataset_collection
00021820DEB84161664762DB6DFDD14359A3DC2C7F7C0E0BD7587DC4005E0A3A,0,0,1,0,0,0,0,1st_set_dataset_collection
000361DE8A2FA316B685ADABA1FB6BA0499182E773E8621E958337CAF931EFFB,0,0,1,0,0,0,0,1st_set_dataset_collection
00018B522A51D6573A615153E7BFB33AC961BF5EF604AC7EDB04072CE238B9AF,0,1,1,0,0,0,1,1st_set_dataset_collection
00012AD75F4263341ADAF25A1AD4053584F797EAA205FC09FD240395C4C82F4F,1,0,1,0,0,0,0,1st_set_dataset_collection
000183CF190B53ABAF0E6B9C5D6F44B7804334C5DB3ACB2308E7CC3259122C3E,0,0,1,0,0,0,0,1st_set_dataset_collection
000289D22687E8289BB6B247D5C17A2376D29C6E667E8121F770D5D13FC274D5,0,0,1,0,0,0,0,1st_set_dataset_collection
000142080A2854488DAC3F43D11F15A3BEFB2F1CEDAA904FCEEB2C2E28D6A29F,0,0,1,0,0,0,0,1st_set_dataset_collection
000346F87D850BB9F756009D54FDCDD6F3944A597946D84BD7F596D96B883A2F,0,0,1,0,0,0,1,1st_set_dataset_collection
00005B6B8FDD182A2F7FF41FE9738CDDE5D39AF500D60DF38AE618BD76082CB5,0,1,1,0,0,1,1,1st_set_dataset_collection
00021576BF9645ECAD95279718EBC3ED25B3E0F9C667ABE950CF4B42A9453996,0,0,1,0,0,0,0,1st_set_dataset_collection
0002D1950CC73492ADBFDA00645B13C47826A7F4299C29572F838B5F35842F01,0,1,1,0,0,0,0,1st_set_dataset_collection
000314F0837FF123AF5445038690A6A697E4FEB6CCE50066D9E776C1EDC1942D,0,1,1,0,1,0,0,1st_set_dataset_collection
00026B5BA69D84234A229C2638D90FB4287B1C7E5DF5987F6E3028AA02EF1CD7,0,1,1,0,1,0,1,1st_set_dataset_collection
00016A9CC8E89A55E827BC17B84FC9C0F23A5FF5B21ADA378688DDB3D64A16EF,0,1,1,0,1,0,1,1st_set_dataset_collection
000287DD9FB45D48634157C56FDE589F5F6D1D27070827296121C723E3B5941C,0,1,1,0,0,0,0,1st_set_dataset_collection
00012E8F2E49E601EDC786CABAB52FA844D50ADD7D3D09EFD7F8B23E6BA42EFB,0,0,1,0,0,0,1,1st_set_dataset_collection
